{"cameraMode":{"drawMode":0,"name":"Shaded","section":"Shading Mode"},"sceneLighting":true,"audioPlay":false,"sceneViewState":{"showFog":true,"showMaterialUpdate":false,"showSkybox":true,"showFlares":true,"showImageEffects":true,"showParticleSystems":true},"in2DMode":false,"pivot":{"x":-22.676172256469728,"y":2.447929859161377,"z":-84.45892333984375},"rotation":{"x":-0.10222380608320236,"y":0.8976969718933106,"z":-0.3092997968196869,"w":-0.2966894805431366},"size":118.55701446533203,"orthographic":false}