{"cameraMode":{"drawMode":0,"name":"Shaded","section":"Shading Mode"},"sceneLighting":true,"audioPlay":false,"sceneViewState":{"showFog":true,"showMaterialUpdate":false,"showSkybox":true,"showFlares":true,"showImageEffects":true,"showParticleSystems":true},"in2DMode":false,"pivot":{"x":-0.06067991256713867,"y":2.6958699226379396,"z":-2.8770623207092287},"rotation":{"x":-0.11286613345146179,"y":0.7792052626609802,"z":-0.14687678217887879,"w":-0.5987733602523804},"size":2.70739483833313,"orthographic":false}