{"cameraMode":{"drawMode":0,"name":"Shaded","section":"Shading Mode"},"sceneLighting":true,"audioPlay":false,"sceneViewState":{"showFog":true,"showMaterialUpdate":false,"showSkybox":true,"showFlares":true,"showImageEffects":true,"showParticleSystems":true},"in2DMode":false,"pivot":{"x":32.8514404296875,"y":-193.8564453125,"z":35.93598937988281},"rotation":{"x":-0.3579779267311096,"y":0.5813672542572022,"z":-0.3158765733242035,"w":-0.6588586568832398},"size":798.1218872070313,"orthographic":false}