{"cameraMode":{"drawMode":0,"name":"Shaded","section":"Shading Mode"},"sceneLighting":true,"audioPlay":false,"sceneViewState":{"showFog":true,"showMaterialUpdate":false,"showSkybox":true,"showFlares":true,"showImageEffects":true,"showParticleSystems":true},"in2DMode":false,"pivot":{"x":-1.0202503204345704,"y":-1.2695198059082032,"z":2.3627524375915529},"rotation":{"x":-0.13994523882865907,"y":0.8423627018928528,"z":-0.26224443316459658,"w":-0.4495217502117157},"size":8.487343788146973,"orthographic":false}