{"cameraMode":{"drawMode":0,"name":"Shaded","section":"Shading Mode"},"sceneLighting":true,"audioPlay":false,"sceneViewState":{"showFog":true,"showMaterialUpdate":false,"showSkybox":true,"showFlares":true,"showImageEffects":true,"showParticleSystems":true},"in2DMode":false,"pivot":{"x":-1.476485252380371,"y":2.192535877227783,"z":0.2561922073364258},"rotation":{"x":-0.0712614506483078,"y":0.909905731678009,"z":-0.1757570058107376,"w":-0.36892470717430117},"size":2.4073948860168459,"orthographic":false}
