{"cameraMode":{"drawMode":0,"name":"Shaded","section":"Shading Mode"},"sceneLighting":true,"audioPlay":false,"sceneViewState":{"showFog":true,"showMaterialUpdate":false,"showSkybox":true,"showFlares":true,"showImageEffects":true,"showParticleSystems":true},"in2DMode":false,"pivot":{"x":-29.38552474975586,"y":-193.5404052734375,"z":-38.71540451049805},"rotation":{"x":-0.45185133814811709,"y":0.5411394834518433,"z":-0.43876388669013979,"w":-0.5572619438171387},"size":190.71363830566407,"orthographic":false}