{"cameraMode":{"drawMode":0,"name":"Shaded","section":"Shading Mode"},"sceneLighting":true,"audioPlay":false,"sceneViewState":{"showFog":true,"showMaterialUpdate":false,"showSkybox":true,"showFlares":true,"showImageEffects":true,"showParticleSystems":true},"in2DMode":false,"pivot":{"x":30.104049682617189,"y":-25.774993896484376,"z":-4.380094528198242},"rotation":{"x":-0.38065922260284426,"y":0.5952653884887695,"z":-0.3792910575866699,"w":-0.5974134206771851},"size":103.82067108154297,"orthographic":false}