{"cameraMode":{"drawMode":0,"name":"Shaded","section":"Shading Mode"},"sceneLighting":true,"audioPlay":false,"sceneViewState":{"showFog":true,"showMaterialUpdate":false,"showSkybox":true,"showFlares":true,"showImageEffects":true,"showParticleSystems":true},"in2DMode":false,"pivot":{"x":-2.775571823120117,"y":4.978987693786621,"z":-49.37572479248047},"rotation":{"x":-0.08139635622501373,"y":0.9185680747032166,"z":-0.27782735228538515,"w":-0.2691168189048767},"size":27.19995880126953,"orthographic":false}